201670,Fall 2016
201610,Spring 2016
201570,Fall 2015
201540,Summer 2015
201510,Spring 2015
201472,Korea Fall 2014
201470,Fall 2014
201440,Summer 2014
201412,Spring 2014 - Korea
201410,Spring 2014
201370,Fall 2013
201340,Summer 2013
201310,Spring 2013
201270,Fall 2012
201240,Summer 2012
201210,Spring 2012
201170,Fall 2011
201140,Summer 2011
201110,Spring 2011
201070,Fall 2010
201040,Summer 2010
201010,Spring 2010
200970,Fall 2009
200940,Summer 2009
200910,Spring 2009
200870,Fall 2008
200840,Summer 2008
200810,Spring 2008
200770,Fall 2007
200740,Summer 2007
200710,Spring 2007
200670,Fall 2006
200640,Summer 2006
200610,Spring 2006
200570,Fall 2005
200540,Summer 2005
200510,Spring 2005
